conc,replicate,0,1,2,3,4,5,6,7,8,9,10,11,12,13,14,15,16,17,18,19,20,21,22,23,24,25,26,27,28,29,30,31,32,33,34,35,36,37,38,39,40,41,42,43,44,45,46,47,48,49,50,51,52,53,54,55,56,57,58,59,60,61,62,63,64,65,66,67,68,69,70,71,72
5,1,0.0581,0.0587,0.0583,0.0587,0.0588,0.0586,0.0587,0.0588,0.0586,0.0591,0.0581,0.0587,0.0582,0.0585,0.0584,0.0583,0.0585,0.0586,0.0586,0.0578,0.0588,0.0591,0.0587,0.058,0.0585,0.059,0.0582,0.0584,0.0591,0.0582,0.0591,0.0587,0.0585,0.0589,0.0586,0.058,0.0582,0.059,0.059,0.0587,0.0594,0.0581,0.0589,0.0591,0.0587,0.0588,0.059,0.0586,0.0588,0.0593,0.0589,0.059,0.0584,0.0584,0.059,0.0585,0.0586,0.0588,0.0588,0.0589,0.0586,0.059,0.0593,0.0589,0.0591,0.0587,0.0586,0.0585,0.0591,0.0591,0.0581,0.0583,0.0583
5,2,0.0583,0.0592,0.0589,0.0588,0.059,0.0589,0.0593,0.0589,0.0585,0.059,0.0575,0.0583,0.0586,0.0582,0.0583,0.0583,0.0585,0.0585,0.059,0.0577,0.0586,0.0586,0.0584,0.058,0.0589,0.059,0.0581,0.0588,0.0588,0.0581,0.0588,0.0587,0.0591,0.0594,0.0587,0.058,0.0581,0.0589,0.059,0.0589,0.0585,0.0579,0.0593,0.059,0.0589,0.0587,0.0593,0.0588,0.0585,0.059,0.0592,0.0589,0.0588,0.0589,0.0587,0.0589,0.0588,0.0587,0.0589,0.0588,0.0589,0.0592,0.0595,0.0586,0.0589,0.0593,0.059,0.0591,0.0588,0.059,0.0591,0.0586,0.059
5,3,0.0718,0.0585,0.0581,0.0588,0.0584,0.0579,0.0583,0.0583,0.0583,0.0584,0.0582,0.058,0.0585,0.0579,0.0574,0.0579,0.0579,0.0581,0.0585,0.0578,0.0586,0.0587,0.0583,0.0581,0.0585,0.0582,0.0579,0.0588,0.0585,0.0584,0.0587,0.058,0.0591,0.0589,0.0586,0.0576,0.0578,0.0587,0.0587,0.0588,0.0588,0.058,0.0587,0.0588,0.0586,0.0587,0.0585,0.0591,0.0585,0.0591,0.0588,0.0589,0.0586,0.0588,0.059,0.0587,0.0589,0.0593,0.0584,0.0593,0.059,0.0594,0.0597,0.0592,0.0593,0.0591,0.0589,0.0587,0.0597,0.0592,0.0588,0.0594,0.059
5,4,0.0777,0.0578,0.0572,0.0567,0.057,0.0568,0.0573,0.0576,0.0573,0.0584,0.057,0.0574,0.0574,0.057,0.0566,0.057,0.0567,0.0571,0.0578,0.0567,0.0578,0.0578,0.0577,0.0573,0.0584,0.0572,0.0567,0.058,0.0578,0.0577,0.058,0.0573,0.0576,0.058,0.0574,0.0572,0.0575,0.0576,0.0577,0.0581,0.0579,0.0577,0.058,0.0585,0.0574,0.0576,0.0579,0.0576,0.0578,0.0576,0.0577,0.0579,0.0577,0.0578,0.0578,0.0582,0.058,0.058,0.0581,0.0578,0.0583,0.0583,0.0582,0.0579,0.0586,0.0583,0.0586,0.0582,0.0583,0.0582,0.0583,0.0577,0.0583
5,5,0.0834,0.0598,0.0587,0.0596,0.0596,0.0591,0.0594,0.0599,0.0593,0.0598,0.0588,0.0592,0.059,0.0589,0.059,0.0593,0.0588,0.0591,0.0593,0.0586,0.0597,0.0597,0.0594,0.059,0.0595,0.0595,0.0594,0.0596,0.0595,0.0593,0.0592,0.0597,0.0592,0.0602,0.0585,0.0591,0.0589,0.0596,0.0599,0.0596,0.0599,0.059,0.0591,0.0596,0.06,0.0592,0.059,0.0595,0.0596,0.0593,0.0597,0.0596,0.0593,0.0591,0.0596,0.0593,0.0593,0.0594,0.0589,0.0594,0.0596,0.0599,0.06,0.0596,0.0593,0.0593,0.0595,0.0589,0.0595,0.0596,0.0594,0.0595,0.06
5,6,0.0836,0.0585,0.0582,0.0588,0.0588,0.0607,0.0608,0.0612,0.0604,0.0617,0.0609,0.0606,0.0604,0.06,0.0605,0.0608,0.0602,0.0606,0.0612,0.0599,0.0605,0.0611,0.0607,0.0604,0.0611,0.0613,0.0607,0.0616,0.0616,0.0602,0.0609,0.0608,0.0608,0.0609,0.0604,0.0603,0.0609,0.0611,0.0606,0.0613,0.0617,0.0606,0.0614,0.0608,0.0615,0.0614,0.0612,0.0608,0.0609,0.0612,0.0611,0.0605,0.0607,0.0611,0.0609,0.061,0.0606,0.0612,0.0606,0.0612,0.0609,0.0611,0.0614,0.0612,0.0613,0.0613,0.061,0.0609,0.0613,0.061,0.0607,0.0606,0.0603
0.01953125,1,0.101,0.061,0.0602,0.0605,0.0607,0.0599,0.0605,0.0607,0.0595,0.0602,0.0595,0.0595,0.0592,0.0584,0.0591,0.0589,0.0592,0.0591,0.0596,0.0585,0.0591,0.0591,0.0586,0.058,0.059,0.0582,0.0583,0.0588,0.0587,0.0587,0.0586,0.0583,0.0588,0.0591,0.059,0.059,0.0602,0.0615,0.0627,0.0645,0.0665,0.0695,0.0737,0.0806,0.0901,0.104,0.121,0.142,0.157,0.173,0.188,0.208,0.231,0.257,0.287,0.307,0.324,0.337,0.35,0.36,0.366,0.372,0.379,0.385,0.392,0.4,0.408,0.417,0.425,0.433,0.439,0.444,0.451
0.01953125,2,0.0575,0.0597,0.0591,0.0591,0.0586,0.0581,0.0587,0.0593,0.0581,0.0589,0.0579,0.0577,0.0581,0.0578,0.0577,0.0574,0.0576,0.0575,0.0579,0.0566,0.0575,0.0575,0.0572,0.0569,0.0576,0.0576,0.0571,0.0572,0.0575,0.0573,0.0577,0.0572,0.0577,0.0584,0.0577,0.0586,0.0598,0.0609,0.0621,0.0643,0.0678,0.0719,0.0795,0.0889,0.103,0.123,0.144,0.161,0.177,0.193,0.207,0.232,0.261,0.29,0.316,0.335,0.354,0.373,0.384,0.395,0.402,0.408,0.416,0.426,0.434,0.438,0.443,0.449,0.457,0.462,0.469,0.474,0.481
0.01953125,3,0.0581,0.0589,0.057,0.0567,0.0573,0.057,0.0573,0.0576,0.0569,0.0573,0.0563,0.057,0.0572,0.0563,0.0562,0.0567,0.0568,0.0569,0.0575,0.0568,0.0575,0.0575,0.0568,0.0567,0.057,0.0574,0.0567,0.0577,0.0575,0.0575,0.0572,0.0572,0.0581,0.0586,0.059,0.0598,0.0616,0.0647,0.0672,0.0716,0.0769,0.0835,0.0943,0.109,0.127,0.146,0.162,0.18,0.195,0.213,0.234,0.255,0.277,0.299,0.32,0.336,0.35,0.362,0.373,0.382,0.389,0.399,0.408,0.416,0.426,0.436,0.448,0.461,0.475,0.491,0.51,0.525,0.539
0.01953125,4,0.0638,0.0557,0.0556,0.056,0.0558,0.0558,0.0561,0.056,0.0559,0.0562,0.0546,0.0555,0.0552,0.0548,0.0549,0.0552,0.0549,0.055,0.0563,0.0554,0.0563,0.0562,0.0554,0.0547,0.0551,0.0554,0.0545,0.0552,0.0557,0.0552,0.0552,0.055,0.0551,0.0559,0.0553,0.0555,0.057,0.0579,0.0594,0.0616,0.0641,0.0669,0.0727,0.0796,0.0915,0.105,0.125,0.147,0.162,0.177,0.193,0.213,0.238,0.268,0.298,0.322,0.34,0.356,0.37,0.38,0.391,0.4,0.406,0.412,0.421,0.43,0.442,0.452,0.459,0.464,0.47,0.476,0.481
0.01953125,5,0.0647,0.057,0.0563,0.056,0.0565,0.0564,0.0561,0.0566,0.0556,0.0562,0.0555,0.0559,0.0554,0.0551,0.0554,0.0558,0.0551,0.0558,0.0541,0.0534,0.0545,0.0539,0.054,0.0533,0.0543,0.0539,0.0534,0.0539,0.0539,0.0536,0.0539,0.0541,0.0541,0.0547,0.0542,0.0546,0.0559,0.0574,0.0579,0.0601,0.0632,0.0657,0.072,0.0794,0.0904,0.105,0.122,0.144,0.159,0.174,0.189,0.21,0.235,0.264,0.291,0.317,0.335,0.352,0.367,0.376,0.386,0.396,0.404,0.411,0.42,0.432,0.444,0.45,0.457,0.466,0.468,0.469,0.472
0.01953125,6,0.0619,0.0563,0.0562,0.0565,0.0569,0.0561,0.0561,0.0571,0.0562,0.0563,0.0559,0.056,0.0556,0.0553,0.0555,0.0554,0.0546,0.0552,0.0551,0.0548,0.055,0.0551,0.0546,0.0541,0.0553,0.0552,0.0545,0.0545,0.055,0.0546,0.0547,0.0549,0.0549,0.0558,0.055,0.0552,0.0565,0.057,0.0584,0.0602,0.0627,0.0654,0.0703,0.0762,0.0846,0.0973,0.114,0.133,0.154,0.17,0.187,0.206,0.228,0.256,0.286,0.313,0.337,0.357,0.371,0.383,0.391,0.402,0.412,0.421,0.431,0.44,0.451,0.461,0.474,0.484,0.487,0.492,0.497
2.5,1,0.0763,0.0565,0.0565,0.0561,0.0565,0.0563,0.0561,0.057,0.0562,0.0566,0.0555,0.0559,0.0561,0.0553,0.0562,0.0561,0.0559,0.0562,0.0565,0.056,0.0565,0.0564,0.0561,0.0557,0.0565,0.0561,0.0557,0.0564,0.0562,0.0559,0.056,0.056,0.0558,0.0563,0.0555,0.0554,0.0551,0.0554,0.0557,0.0562,0.0561,0.0551,0.0554,0.055,0.0551,0.0549,0.0546,0.0555,0.055,0.0552,0.0549,0.055,0.055,0.0552,0.0556,0.0548,0.0544,0.055,0.0545,0.0549,0.0552,0.0556,0.0549,0.0545,0.0551,0.0551,0.0551,0.0546,0.0549,0.0545,0.0543,0.0544,0.0541
2.5,2,0.0744,0.0598,0.0596,0.059,0.0581,0.0586,0.0592,0.0592,0.0582,0.0589,0.058,0.0584,0.0589,0.0583,0.0582,0.0585,0.058,0.0583,0.0584,0.0574,0.0588,0.0585,0.0582,0.0582,0.0589,0.0587,0.0583,0.0588,0.0588,0.0583,0.0585,0.0585,0.0581,0.0584,0.0581,0.0573,0.0582,0.0584,0.0584,0.0577,0.0576,0.0572,0.0577,0.0567,0.0572,0.0569,0.0572,0.0569,0.057,0.0568,0.0571,0.0565,0.0569,0.0566,0.0565,0.0564,0.0567,0.0568,0.0565,0.0573,0.0567,0.0577,0.0576,0.0569,0.0574,0.0571,0.0569,0.0566,0.0569,0.0568,0.0567,0.0566,0.0568
2.5,3,0.0802,0.0592,0.0585,0.0591,0.0583,0.0582,0.0585,0.0586,0.0582,0.0587,0.058,0.0579,0.0579,0.0581,0.0577,0.0579,0.0581,0.058,0.0584,0.0574,0.0586,0.0584,0.0582,0.0579,0.0583,0.0584,0.058,0.0583,0.0585,0.0579,0.0583,0.0579,0.0579,0.0588,0.0578,0.0579,0.0581,0.058,0.0579,0.058,0.0585,0.0573,0.0582,0.0575,0.058,0.0576,0.057,0.0577,0.0574,0.0572,0.0575,0.0573,0.0571,0.0573,0.0574,0.0568,0.0572,0.0577,0.0569,0.0573,0.0576,0.0566,0.0556,0.0555,0.0559,0.0563,0.0558,0.0552,0.0559,0.0555,0.0556,0.0557,0.0561
2.5,4,0.0809,0.0607,0.0597,0.059,0.0584,0.0585,0.0584,0.0588,0.0587,0.0588,0.0585,0.0579,0.0584,0.0579,0.0579,0.0582,0.0577,0.0584,0.0587,0.058,0.0588,0.0586,0.0585,0.0579,0.0589,0.0581,0.0583,0.0584,0.0583,0.0574,0.058,0.0577,0.0577,0.0581,0.0577,0.057,0.0574,0.0577,0.0579,0.0575,0.058,0.0567,0.0578,0.057,0.0574,0.0569,0.0571,0.0568,0.0568,0.0573,0.057,0.0573,0.0564,0.0566,0.0567,0.057,0.0568,0.0565,0.0564,0.0561,0.057,0.057,0.0569,0.0569,0.0572,0.0572,0.057,0.0569,0.057,0.0565,0.0565,0.0565,0.0566
2.5,5,0.0828,0.0575,0.0568,0.057,0.0571,0.057,0.0571,0.057,0.0567,0.0572,0.0563,0.0566,0.0562,0.0562,0.0565,0.0562,0.056,0.0565,0.0569,0.0559,0.0571,0.0567,0.0562,0.0561,0.0565,0.0564,0.0559,0.057,0.0565,0.0563,0.0564,0.0563,0.0565,0.0566,0.0558,0.0557,0.0561,0.0565,0.0568,0.0564,0.0562,0.0557,0.0564,0.056,0.0564,0.0557,0.0561,0.0562,0.0557,0.0562,0.0555,0.0565,0.0559,0.0557,0.0557,0.0555,0.0557,0.0561,0.0558,0.0554,0.0552,0.056,0.0564,0.056,0.0562,0.0559,0.0558,0.0561,0.0558,0.0558,0.0553,0.0558,0.0555
2.5,6,0.0848,0.0607,0.0571,0.0573,0.0567,0.0565,0.0568,0.0571,0.0563,0.057,0.0558,0.0565,0.0562,0.0557,0.056,0.0564,0.0567,0.056,0.0566,0.0556,0.0566,0.0562,0.0566,0.0554,0.0565,0.0567,0.0555,0.0562,0.0565,0.0561,0.0563,0.056,0.0559,0.0561,0.0557,0.0554,0.056,0.0561,0.0559,0.0564,0.0567,0.0554,0.0558,0.0559,0.0558,0.0556,0.0557,0.0555,0.0556,0.0561,0.0557,0.0557,0.0558,0.0554,0.0558,0.0557,0.0556,0.0557,0.0554,0.0557,0.0556,0.056,0.0559,0.0556,0.0559,0.0558,0.0555,0.0553,0.0558,0.0556,0.0551,0.055,0.0553
0.009765625,1,0.0781,0.0595,0.0587,0.0592,0.0592,0.0585,0.0588,0.0588,0.0589,0.0591,0.0587,0.0586,0.0586,0.0583,0.0586,0.0583,0.0583,0.0581,0.0588,0.0584,0.0583,0.0586,0.0584,0.0578,0.0587,0.0586,0.0583,0.0588,0.0589,0.0585,0.0587,0.0587,0.0597,0.0606,0.0607,0.0619,0.0643,0.0662,0.0694,0.0735,0.0795,0.0873,0.0988,0.114,0.132,0.155,0.17,0.188,0.201,0.219,0.244,0.275,0.31,0.332,0.355,0.375,0.391,0.403,0.41,0.418,0.426,0.433,0.441,0.446,0.454,0.459,0.466,0.471,0.476,0.484,0.493,0.507,0.521
0.009765625,2,0.0838,0.0591,0.0587,0.0595,0.0588,0.0588,0.0587,0.0589,0.059,0.0587,0.0582,0.0586,0.0585,0.0578,0.0581,0.0578,0.0579,0.0582,0.0581,0.0576,0.0589,0.0581,0.058,0.0581,0.0578,0.0582,0.0575,0.0584,0.0581,0.0586,0.0594,0.0592,0.059,0.0606,0.0605,0.0613,0.0629,0.0651,0.0679,0.0714,0.0778,0.0843,0.0951,0.11,0.13,0.147,0.163,0.177,0.193,0.211,0.234,0.258,0.283,0.305,0.325,0.341,0.358,0.372,0.384,0.397,0.404,0.413,0.42,0.426,0.436,0.451,0.473,0.498,0.527,0.555,0.58,0.597,0.608
0.009765625,3,0.0582,0.0598,0.0578,0.0574,0.0576,0.0574,0.0579,0.0581,0.0577,0.0582,0.0576,0.0579,0.0577,0.0572,0.0575,0.0575,0.057,0.0571,0.0574,0.0565,0.0574,0.0577,0.0571,0.0566,0.0579,0.0574,0.0571,0.0576,0.0581,0.0577,0.0582,0.058,0.0584,0.0595,0.0595,0.0608,0.0623,0.0645,0.0677,0.0712,0.0764,0.0822,0.0909,0.102,0.117,0.137,0.151,0.166,0.18,0.195,0.211,0.232,0.252,0.272,0.294,0.319,0.342,0.363,0.382,0.401,0.416,0.431,0.446,0.462,0.486,0.514,0.538,0.561,0.582,0.601,0.618,0.637,0.655
0.009765625,4,0.0593,0.0566,0.0566,0.058,0.0574,0.0572,0.0576,0.0575,0.0572,0.0577,0.057,0.0566,0.0567,0.0564,0.0568,0.0564,0.056,0.0563,0.057,0.0563,0.0571,0.0568,0.0567,0.0558,0.0572,0.057,0.0564,0.0567,0.0574,0.0568,0.0569,0.0573,0.058,0.0593,0.0588,0.0598,0.0622,0.065,0.0677,0.0724,0.0781,0.0857,0.0976,0.113,0.131,0.15,0.166,0.179,0.192,0.213,0.234,0.259,0.28,0.302,0.32,0.334,0.349,0.361,0.372,0.381,0.389,0.399,0.407,0.414,0.42,0.424,0.43,0.437,0.442,0.448,0.455,0.462,0.469
0.009765625,5,0.065,0.0576,0.0562,0.0562,0.0567,0.0565,0.0566,0.0566,0.0563,0.0566,0.0559,0.0562,0.0557,0.0555,0.0557,0.0556,0.0555,0.0557,0.0557,0.0548,0.0559,0.0561,0.0555,0.055,0.0554,0.0556,0.0556,0.0556,0.0556,0.0555,0.0563,0.0563,0.0571,0.0581,0.058,0.0588,0.061,0.0632,0.0657,0.0703,0.0758,0.0825,0.0932,0.108,0.125,0.145,0.16,0.174,0.19,0.207,0.228,0.252,0.275,0.295,0.312,0.327,0.342,0.353,0.363,0.373,0.381,0.391,0.398,0.406,0.414,0.424,0.433,0.445,0.462,0.477,0.497,0.524,0.556
0.009765625,6,0.0583,0.0573,0.0571,0.0563,0.0566,0.0568,0.0567,0.0566,0.0564,0.0565,0.0554,0.0553,0.0551,0.0546,0.0548,0.055,0.0546,0.0549,0.0553,0.0543,0.0546,0.0544,0.0542,0.0537,0.0547,0.0545,0.0542,0.0543,0.0546,0.0542,0.055,0.0551,0.0549,0.056,0.0558,0.0568,0.0579,0.0602,0.0621,0.065,0.0697,0.0746,0.0837,0.0948,0.11,0.129,0.148,0.163,0.175,0.193,0.216,0.243,0.268,0.291,0.311,0.33,0.347,0.362,0.372,0.383,0.394,0.406,0.417,0.426,0.433,0.439,0.444,0.45,0.457,0.464,0.469,0.472,0.478
1.25,1,0.0813,0.0574,0.0579,0.0578,0.0575,0.057,0.0577,0.0579,0.0571,0.0576,0.0567,0.0573,0.057,0.0566,0.0573,0.0569,0.0568,0.0567,0.0572,0.0561,0.057,0.0574,0.0569,0.0564,0.0569,0.0564,0.0561,0.0571,0.0564,0.0562,0.0563,0.0563,0.0559,0.0563,0.0554,0.0546,0.0543,0.0551,0.0552,0.0556,0.0553,0.0548,0.0548,0.0547,0.055,0.0549,0.0547,0.0544,0.0542,0.0544,0.0547,0.0548,0.0542,0.0542,0.0549,0.0544,0.0544,0.0552,0.0542,0.0542,0.0551,0.055,0.0551,0.0542,0.0544,0.0545,0.0546,0.0544,0.0551,0.0547,0.0544,0.0549,0.0545
1.25,2,0.0789,0.0611,0.0593,0.0611,0.0609,0.0611,0.0613,0.0614,0.0607,0.0614,0.0604,0.0606,0.0608,0.0604,0.0602,0.0604,0.0603,0.0603,0.0604,0.0601,0.0604,0.0602,0.0599,0.0592,0.06,0.0596,0.059,0.06,0.0593,0.0593,0.0593,0.059,0.0588,0.0593,0.058,0.0583,0.0584,0.0593,0.0593,0.0594,0.0596,0.0586,0.059,0.0586,0.0591,0.0586,0.0586,0.0583,0.0589,0.0586,0.0582,0.0596,0.0585,0.0584,0.0584,0.059,0.0588,0.0591,0.0586,0.0588,0.0588,0.0591,0.0591,0.0594,0.0593,0.059,0.0597,0.0592,0.0597,0.0593,0.059,0.0599,0.0598
1.25,3,0.0813,0.0601,0.0602,0.0606,0.0602,0.0599,0.0609,0.0606,0.0601,0.0594,0.0591,0.0591,0.0595,0.0586,0.0585,0.0587,0.0589,0.0587,0.0591,0.0588,0.0597,0.0591,0.0585,0.0585,0.0595,0.0588,0.0585,0.0584,0.0583,0.0581,0.0574,0.0572,0.0561,0.0564,0.0557,0.0557,0.056,0.0559,0.0567,0.0563,0.0563,0.0553,0.0559,0.0559,0.0561,0.0556,0.0558,0.0555,0.056,0.0564,0.0555,0.0558,0.0555,0.0553,0.0557,0.0556,0.056,0.0555,0.0559,0.0559,0.056,0.056,0.0563,0.056,0.0564,0.0561,0.0563,0.056,0.0562,0.0566,0.0559,0.0562,0.056
1.25,4,0.085,0.0596,0.0593,0.0596,0.06,0.06,0.0601,0.0604,0.0602,0.0601,0.0595,0.06,0.0596,0.0592,0.0599,0.0594,0.0593,0.0595,0.0602,0.0591,0.0597,0.0588,0.0586,0.0584,0.059,0.0586,0.0584,0.0584,0.0585,0.0582,0.0589,0.0579,0.0581,0.0582,0.0579,0.0578,0.0575,0.0581,0.0578,0.058,0.0582,0.057,0.0575,0.0575,0.0572,0.0566,0.0568,0.0565,0.0571,0.057,0.0565,0.0568,0.057,0.0569,0.0575,0.0568,0.0569,0.0576,0.0569,0.057,0.0572,0.0575,0.0573,0.0567,0.0573,0.0575,0.0574,0.0572,0.0574,0.057,0.0573,0.0569,0.057
1.25,5,0.0828,0.0626,0.0621,0.062,0.0618,0.061,0.059,0.0594,0.0587,0.0599,0.0584,0.0588,0.0588,0.0582,0.0586,0.0585,0.0579,0.0586,0.0593,0.0577,0.0583,0.0581,0.0581,0.0577,0.0579,0.0579,0.0576,0.0576,0.0582,0.0577,0.058,0.0577,0.0577,0.0578,0.0575,0.0565,0.0569,0.0571,0.0571,0.0575,0.0574,0.0566,0.0569,0.0567,0.0566,0.0565,0.0569,0.0566,0.0571,0.0561,0.0561,0.0567,0.0561,0.0557,0.0562,0.0556,0.0559,0.0561,0.0557,0.0558,0.056,0.0564,0.0566,0.0561,0.056,0.0562,0.0562,0.0562,0.0563,0.0564,0.0559,0.056,0.0561
1.25,6,0.082,0.0602,0.0596,0.0597,0.0603,0.0596,0.0603,0.0602,0.0599,0.0604,0.0595,0.0594,0.0595,0.0592,0.0598,0.0593,0.0586,0.0593,0.0599,0.0592,0.0596,0.0593,0.0591,0.0584,0.0588,0.0586,0.0586,0.0594,0.0586,0.0588,0.0581,0.0578,0.058,0.0584,0.0581,0.0574,0.0577,0.0581,0.0585,0.0584,0.0582,0.0576,0.0577,0.0577,0.0577,0.0579,0.0578,0.0581,0.0577,0.0577,0.0574,0.058,0.0582,0.0577,0.0579,0.0572,0.0577,0.0581,0.057,0.057,0.0576,0.0579,0.0577,0.0577,0.0583,0.0584,0.0584,0.0577,0.0579,0.058,0.0578,0.0579,0.0583
0.004882813,1,0.0861,0.0635,0.063,0.0631,0.063,0.0625,0.0629,0.0624,0.0622,0.0617,0.061,0.0616,0.0612,0.0608,0.0604,0.0611,0.0612,0.0604,0.0616,0.0604,0.0618,0.0613,0.0621,0.0604,0.0611,0.0609,0.0609,0.0616,0.0615,0.0616,0.0624,0.0621,0.0634,0.0642,0.0647,0.0665,0.0702,0.0727,0.0767,0.0835,0.0924,0.104,0.121,0.14,0.153,0.168,0.181,0.195,0.212,0.231,0.253,0.271,0.286,0.299,0.311,0.321,0.333,0.341,0.351,0.361,0.369,0.38,0.386,0.394,0.401,0.407,0.413,0.419,0.428,0.435,0.441,0.447,0.458
0.004882813,2,0.0614,0.0605,0.0599,0.0601,0.0598,0.0597,0.06,0.06,0.0596,0.0594,0.0593,0.0595,0.0597,0.0586,0.0588,0.0588,0.0587,0.0585,0.0598,0.0587,0.0592,0.0594,0.0588,0.0584,0.0593,0.0596,0.059,0.0597,0.0595,0.0593,0.0601,0.0603,0.061,0.0623,0.0629,0.065,0.0681,0.0723,0.0774,0.084,0.0943,0.107,0.125,0.143,0.157,0.171,0.184,0.2,0.219,0.245,0.269,0.288,0.306,0.321,0.338,0.352,0.365,0.379,0.391,0.401,0.41,0.418,0.426,0.434,0.444,0.452,0.465,0.483,0.502,0.518,0.541,0.571,0.6
0.004882813,3,0.0592,0.0585,0.0576,0.0576,0.058,0.0575,0.058,0.0584,0.0579,0.0582,0.0574,0.0575,0.058,0.0571,0.0576,0.0576,0.0576,0.0576,0.0582,0.0571,0.0584,0.0586,0.058,0.0587,0.0591,0.0588,0.0591,0.0598,0.0601,0.0604,0.0618,0.0621,0.0634,0.0654,0.0663,0.0689,0.0721,0.0771,0.0832,0.0921,0.103,0.117,0.139,0.155,0.171,0.186,0.201,0.218,0.238,0.264,0.284,0.306,0.328,0.347,0.364,0.379,0.39,0.402,0.412,0.421,0.43,0.439,0.45,0.459,0.472,0.488,0.507,0.528,0.548,0.57,0.593,0.616,0.636
0.004882813,4,0.0631,0.0563,0.0563,0.056,0.0554,0.0552,0.0553,0.0557,0.0554,0.0556,0.0546,0.0546,0.0549,0.0546,0.0542,0.0544,0.0539,0.0543,0.0545,0.0538,0.0547,0.0546,0.0541,0.0536,0.0543,0.0542,0.0537,0.0545,0.0546,0.0546,0.0554,0.0555,0.056,0.0574,0.0582,0.0601,0.0629,0.0665,0.0719,0.08,0.0897,0.104,0.122,0.141,0.158,0.172,0.189,0.208,0.23,0.254,0.281,0.306,0.327,0.344,0.36,0.37,0.383,0.394,0.401,0.409,0.416,0.423,0.429,0.435,0.44,0.445,0.449,0.455,0.463,0.471,0.479,0.492,0.503
0.004882813,5,0.0855,0.0545,0.0534,0.0537,0.0534,0.0537,0.0534,0.0538,0.053,0.0533,0.0528,0.0528,0.053,0.0524,0.0525,0.0522,0.0522,0.0527,0.0531,0.0519,0.0531,0.0531,0.0526,0.052,0.0526,0.053,0.0526,0.0531,0.0526,0.0526,0.0534,0.0535,0.0542,0.0551,0.0554,0.0572,0.0599,0.0633,0.0677,0.0732,0.081,0.0915,0.107,0.126,0.145,0.16,0.173,0.187,0.204,0.224,0.247,0.269,0.288,0.307,0.324,0.338,0.353,0.364,0.375,0.385,0.396,0.406,0.416,0.424,0.43,0.438,0.445,0.452,0.459,0.467,0.472,0.476,0.479
0.004882813,6,0.0674,0.0589,0.0596,0.0589,0.0587,0.0582,0.0589,0.0591,0.0584,0.0588,0.0579,0.0581,0.0585,0.0576,0.0581,0.057,0.0578,0.0577,0.0582,0.0571,0.0574,0.0573,0.0575,0.0563,0.0574,0.0571,0.0571,0.0577,0.0575,0.0576,0.0584,0.0576,0.0585,0.0595,0.0604,0.0613,0.0635,0.0668,0.0713,0.0766,0.0849,0.0959,0.113,0.133,0.151,0.167,0.182,0.2,0.219,0.242,0.268,0.295,0.316,0.335,0.351,0.366,0.376,0.39,0.402,0.412,0.421,0.43,0.44,0.447,0.453,0.46,0.467,0.472,0.476,0.481,0.489,0.502,0.513
0.625,1,0.0802,0.0576,0.0572,0.0573,0.0572,0.0573,0.058,0.0579,0.0572,0.0578,0.057,0.0571,0.0568,0.0562,0.0565,0.0563,0.0565,0.0558,0.0567,0.0557,0.0564,0.0559,0.0549,0.0537,0.0546,0.0542,0.0536,0.0544,0.0543,0.0538,0.0539,0.0538,0.0538,0.0542,0.0535,0.0535,0.0534,0.0539,0.0543,0.0541,0.054,0.0533,0.054,0.0535,0.0536,0.0532,0.0537,0.0537,0.0536,0.0537,0.0543,0.0542,0.0542,0.0552,0.0555,0.0554,0.056,0.0568,0.0573,0.0587,0.0604,0.0621,0.0652,0.0688,0.0734,0.079,0.0858,0.0948,0.105,0.117,0.129,0.143,0.157
0.625,2,0.074,0.0595,0.0595,0.0595,0.0594,0.059,0.0593,0.0599,0.0594,0.0593,0.0586,0.0583,0.059,0.0581,0.0584,0.0588,0.0581,0.0581,0.0581,0.0572,0.0578,0.0571,0.057,0.0566,0.0572,0.0568,0.0568,0.0573,0.0571,0.0569,0.0565,0.0565,0.0567,0.0565,0.0561,0.0557,0.056,0.0564,0.0566,0.0568,0.0568,0.0557,0.0563,0.056,0.0567,0.0561,0.0566,0.0565,0.0564,0.0568,0.0568,0.0566,0.0565,0.0569,0.0571,0.0573,0.0579,0.0583,0.0584,0.0597,0.0601,0.0617,0.0628,0.0647,0.0671,0.0696,0.0736,0.0787,0.0859,0.0924,0.101,0.112,0.124
0.625,3,0.0838,0.0632,0.0628,0.0635,0.0636,0.063,0.0632,0.0635,0.0632,0.0632,0.0622,0.0629,0.0628,0.062,0.0624,0.062,0.0619,0.0621,0.0621,0.0616,0.0622,0.0621,0.0621,0.0611,0.062,0.0618,0.0609,0.0615,0.0609,0.0611,0.0608,0.0613,0.0609,0.061,0.0604,0.06,0.06,0.0606,0.0609,0.0612,0.061,0.06,0.061,0.0609,0.0607,0.0606,0.0609,0.0605,0.0597,0.0602,0.06,0.0605,0.0604,0.0608,0.0619,0.0617,0.0633,0.0647,0.0654,0.0675,0.0695,0.0731,0.0772,0.0834,0.0906,0.0992,0.111,0.125,0.139,0.154,0.172,0.187,0.203
0.625,4,0.0839,0.0613,0.0614,0.0614,0.0606,0.0614,0.0615,0.0616,0.061,0.0614,0.0603,0.0606,0.0606,0.0602,0.0606,0.0598,0.0606,0.0608,0.0607,0.0594,0.0605,0.0602,0.0599,0.06,0.0602,0.0601,0.0593,0.06,0.0597,0.0593,0.0592,0.0594,0.0597,0.0587,0.0579,0.0576,0.0575,0.0576,0.0582,0.0579,0.0587,0.0578,0.0579,0.0585,0.0586,0.0588,0.0584,0.0585,0.0583,0.0587,0.0582,0.0586,0.0582,0.0587,0.058,0.0586,0.0593,0.0603,0.0604,0.0611,0.0622,0.0635,0.0655,0.0676,0.0706,0.0743,0.0792,0.0855,0.0932,0.102,0.112,0.125,0.138
0.625,5,0.088,0.0623,0.0615,0.0612,0.0613,0.0611,0.062,0.0618,0.0615,0.0612,0.0602,0.0604,0.0607,0.0596,0.0598,0.0601,0.0597,0.0597,0.0607,0.0601,0.0602,0.0599,0.0595,0.0594,0.0594,0.0596,0.0591,0.0593,0.0593,0.0588,0.0592,0.0582,0.0592,0.059,0.0586,0.0578,0.0585,0.0589,0.0589,0.0592,0.0589,0.0585,0.0587,0.0588,0.0589,0.0587,0.0583,0.0589,0.0582,0.0591,0.0592,0.0591,0.059,0.0593,0.0598,0.0598,0.0604,0.0608,0.0616,0.0628,0.0637,0.0653,0.0669,0.0689,0.0719,0.0756,0.0802,0.0874,0.095,0.104,0.114,0.128,0.141
0.625,6,0.0893,0.0677,0.0673,0.0675,0.0671,0.0669,0.0671,0.0674,0.0673,0.0674,0.0667,0.0673,0.0667,0.0667,0.0662,0.0662,0.0662,0.0665,0.0671,0.0658,0.0662,0.0664,0.0661,0.0655,0.0661,0.0661,0.0651,0.0659,0.0658,0.0656,0.0658,0.0652,0.0653,0.0654,0.0653,0.0652,0.0653,0.0658,0.0658,0.0654,0.0654,0.0648,0.0652,0.0654,0.066,0.065,0.0657,0.0647,0.0651,0.0655,0.065,0.0655,0.0652,0.0653,0.0661,0.0659,0.0664,0.067,0.0671,0.0679,0.0694,0.0719,0.074,0.0767,0.0811,0.0867,0.0942,0.104,0.117,0.131,0.143,0.156,0.171
0.002441406,1,0.0761,0.0673,0.0672,0.0677,0.0675,0.0677,0.0673,0.0677,0.0672,0.068,0.0668,0.067,0.0673,0.0667,0.0664,0.0671,0.0666,0.0665,0.0673,0.066,0.0666,0.0661,0.0665,0.0668,0.0672,0.0672,0.067,0.068,0.0686,0.0688,0.0706,0.0729,0.0754,0.08,0.0854,0.0942,0.107,0.126,0.147,0.156,0.173,0.186,0.204,0.223,0.247,0.276,0.304,0.334,0.357,0.383,0.4,0.416,0.431,0.447,0.461,0.475,0.485,0.497,0.506,0.515,0.519,0.521,0.527,0.53,0.534,0.538,0.543,0.548,0.551,0.553,0.557,0.561,0.562
0.002441406,2,0.0643,0.0624,0.0617,0.0619,0.0625,0.0617,0.0624,0.062,0.0618,0.0617,0.0613,0.062,0.0615,0.0614,0.0613,0.061,0.0615,0.061,0.0619,0.061,0.0614,0.0619,0.0612,0.0606,0.0619,0.0615,0.0609,0.0614,0.0614,0.0619,0.0621,0.0628,0.064,0.0651,0.0658,0.0674,0.0712,0.0758,0.0818,0.0905,0.102,0.117,0.139,0.154,0.171,0.185,0.202,0.219,0.24,0.261,0.28,0.301,0.319,0.335,0.351,0.365,0.377,0.388,0.398,0.404,0.41,0.418,0.426,0.433,0.438,0.444,0.452,0.46,0.469,0.478,0.493,0.513,0.537
0.002441406,3,0.0559,0.0577,0.0573,0.0574,0.0573,0.0568,0.0571,0.0577,0.0568,0.0576,0.0565,0.0564,0.0564,0.0561,0.0559,0.0562,0.0557,0.0562,0.0565,0.0562,0.0569,0.0568,0.0569,0.0562,0.0569,0.0568,0.057,0.0573,0.0573,0.0572,0.0584,0.0589,0.0595,0.0603,0.0617,0.0634,0.0664,0.0709,0.0762,0.0845,0.0951,0.108,0.127,0.145,0.159,0.177,0.192,0.209,0.226,0.247,0.266,0.283,0.301,0.32,0.339,0.357,0.376,0.394,0.412,0.431,0.452,0.477,0.506,0.534,0.561,0.585,0.606,0.626,0.646,0.667,0.686,0.704,0.721
0.002441406,4,0.0784,0.0585,0.0577,0.0575,0.0578,0.0575,0.058,0.0585,0.0577,0.0576,0.0569,0.0572,0.057,0.0566,0.0571,0.0569,0.0565,0.0566,0.057,0.0561,0.0568,0.057,0.0562,0.056,0.0564,0.0597,0.0595,0.0604,0.0602,0.0609,0.0613,0.0618,0.0628,0.0636,0.0649,0.0667,0.0702,0.0746,0.0812,0.0896,0.102,0.118,0.138,0.153,0.17,0.186,0.203,0.223,0.244,0.275,0.291,0.314,0.334,0.349,0.363,0.376,0.388,0.399,0.408,0.415,0.424,0.433,0.441,0.449,0.456,0.463,0.47,0.477,0.481,0.485,0.491,0.499,0.508
0.002441406,5,0.119,0.0576,0.0579,0.058,0.0579,0.0576,0.0575,0.058,0.0573,0.0578,0.0571,0.0573,0.0568,0.0566,0.0568,0.0564,0.0566,0.0572,0.0572,0.0558,0.0569,0.0568,0.0564,0.056,0.0572,0.0566,0.0562,0.057,0.0573,0.0574,0.0578,0.0584,0.0589,0.0601,0.0614,0.0635,0.0669,0.0713,0.0775,0.0866,0.0993,0.115,0.135,0.149,0.165,0.179,0.196,0.217,0.24,0.262,0.285,0.309,0.331,0.347,0.362,0.375,0.387,0.397,0.404,0.412,0.42,0.428,0.437,0.444,0.455,0.469,0.485,0.5,0.514,0.533,0.55,0.568,0.58
0.002441406,6,0.0745,0.0558,0.0563,0.0559,0.0562,0.0558,0.0559,0.0563,0.0558,0.0558,0.055,0.0551,0.0554,0.0548,0.0542,0.0549,0.0545,0.0547,0.0552,0.0543,0.0549,0.0549,0.0548,0.0543,0.0555,0.055,0.0541,0.0549,0.0551,0.0552,0.0554,0.0552,0.0564,0.0585,0.0587,0.0616,0.0648,0.0696,0.0766,0.0856,0.0993,0.116,0.137,0.151,0.167,0.182,0.199,0.217,0.239,0.261,0.284,0.302,0.318,0.332,0.346,0.358,0.371,0.382,0.393,0.403,0.411,0.42,0.427,0.433,0.438,0.443,0.448,0.451,0.457,0.463,0.47,0.479,0.491
0.3125,1,0.0745,0.0568,0.0572,0.0571,0.0577,0.0575,0.057,0.0573,0.0568,0.0574,0.0563,0.0562,0.0568,0.0555,0.0565,0.0561,0.0559,0.0559,0.0564,0.0557,0.056,0.0561,0.0556,0.0555,0.0558,0.0555,0.0552,0.0561,0.0554,0.0557,0.0555,0.0552,0.0562,0.056,0.0555,0.0553,0.0558,0.056,0.0564,0.0565,0.0561,0.0563,0.057,0.0569,0.0576,0.058,0.0588,0.0601,0.0613,0.0632,0.0651,0.0687,0.0724,0.0781,0.0863,0.0972,0.11,0.126,0.142,0.163,0.18,0.196,0.215,0.236,0.256,0.279,0.309,0.319,0.333,0.34,0.346,0.352,0.359
0.3125,2,0.0734,0.0579,0.0576,0.0574,0.0574,0.0571,0.0576,0.0575,0.0566,0.057,0.0562,0.0563,0.0567,0.0559,0.056,0.0559,0.0561,0.0562,0.0564,0.0552,0.0566,0.0557,0.0556,0.0549,0.0555,0.0556,0.0548,0.0557,0.0551,0.0552,0.0558,0.0553,0.0556,0.0556,0.0551,0.0548,0.055,0.0555,0.0551,0.0557,0.0559,0.0548,0.0552,0.0553,0.0556,0.0557,0.0564,0.0563,0.0568,0.0572,0.0587,0.0596,0.0611,0.0638,0.0674,0.0712,0.0781,0.087,0.0973,0.11,0.126,0.14,0.158,0.175,0.19,0.21,0.227,0.243,0.258,0.273,0.286,0.297,0.303
0.3125,3,0.0853,0.0641,0.0638,0.0644,0.0642,0.0634,0.0634,0.0641,0.0632,0.0633,0.0629,0.0631,0.063,0.0627,0.0626,0.0631,0.0622,0.0631,0.063,0.062,0.0637,0.0633,0.0627,0.0623,0.0632,0.063,0.0627,0.0633,0.0625,0.0621,0.0623,0.0625,0.0628,0.0626,0.062,0.0618,0.0622,0.0624,0.063,0.063,0.0627,0.0619,0.0627,0.0632,0.0633,0.0634,0.0642,0.0646,0.0658,0.0674,0.0696,0.0722,0.0756,0.0808,0.0875,0.097,0.108,0.123,0.139,0.159,0.175,0.191,0.209,0.227,0.242,0.26,0.276,0.289,0.3,0.31,0.318,0.326,0.331
0.3125,4,0.0822,0.0641,0.0644,0.0645,0.0644,0.0642,0.0646,0.0649,0.0644,0.0648,0.0642,0.0641,0.0643,0.064,0.0637,0.0636,0.0633,0.0642,0.0645,0.0635,0.0643,0.0644,0.0639,0.0637,0.0638,0.064,0.0633,0.0641,0.0641,0.0635,0.0636,0.0635,0.0635,0.064,0.063,0.063,0.0634,0.0635,0.0635,0.0641,0.0641,0.0631,0.0635,0.0643,0.0643,0.0642,0.0644,0.0648,0.0651,0.0664,0.0668,0.069,0.0706,0.0735,0.0781,0.083,0.0917,0.104,0.116,0.134,0.148,0.164,0.179,0.196,0.213,0.23,0.248,0.263,0.276,0.287,0.296,0.305,0.313
0.3125,5,0.0894,0.0627,0.0632,0.0634,0.0621,0.0617,0.0624,0.0624,0.0615,0.062,0.0613,0.0616,0.0617,0.0611,0.0613,0.0616,0.0609,0.061,0.0612,0.061,0.0614,0.0614,0.0613,0.0609,0.0614,0.061,0.0606,0.0611,0.0609,0.0605,0.0607,0.0604,0.0605,0.0606,0.0602,0.0594,0.06,0.0606,0.0608,0.0603,0.0608,0.0601,0.0606,0.0607,0.0608,0.0608,0.0613,0.0618,0.0622,0.0631,0.0634,0.064,0.0651,0.067,0.0691,0.0713,0.075,0.0801,0.0858,0.0939,0.104,0.115,0.128,0.143,0.153,0.162,0.171,0.178,0.185,0.19,0.194,0.201,0.207
0.3125,6,0.092,0.0658,0.0658,0.0657,0.0658,0.0663,0.0659,0.0661,0.0657,0.0664,0.0655,0.0657,0.0655,0.0655,0.064,0.0645,0.064,0.064,0.0642,0.0641,0.0647,0.064,0.064,0.0637,0.0639,0.0641,0.0633,0.0646,0.064,0.064,0.0642,0.0634,0.0641,0.0647,0.0644,0.0637,0.0643,0.0648,0.0646,0.0652,0.065,0.0644,0.065,0.0654,0.0654,0.0658,0.0669,0.0677,0.068,0.069,0.0708,0.0735,0.0764,0.0804,0.0856,0.0927,0.102,0.114,0.126,0.142,0.157,0.173,0.192,0.206,0.224,0.239,0.254,0.269,0.283,0.295,0.313,0.315,0.319
0.001220703,1,0.101,0.0687,0.0679,0.0686,0.0689,0.0689,0.0696,0.0698,0.0691,0.0701,0.0687,0.0692,0.0695,0.0689,0.0688,0.069,0.0688,0.0688,0.0696,0.0685,0.0693,0.0689,0.0688,0.0689,0.0698,0.0693,0.069,0.0697,0.0699,0.0698,0.0711,0.0712,0.0717,0.0731,0.0741,0.0767,0.0799,0.0844,0.0909,0.1,0.114,0.129,0.148,0.162,0.177,0.192,0.21,0.228,0.248,0.268,0.289,0.309,0.325,0.342,0.356,0.37,0.381,0.395,0.403,0.412,0.42,0.43,0.436,0.44,0.45,0.459,0.467,0.477,0.481,0.489,0.494,0.502,0.51
0.001220703,2,0.0785,0.0634,0.063,0.0632,0.0636,0.0631,0.0635,0.0643,0.0637,0.0635,0.0633,0.0627,0.0629,0.0624,0.0621,0.0625,0.0619,0.0623,0.0626,0.0621,0.0627,0.0629,0.0627,0.0623,0.0632,0.0634,0.0634,0.0644,0.0651,0.066,0.0679,0.0699,0.0732,0.0785,0.0838,0.0921,0.106,0.123,0.142,0.16,0.18,0.193,0.214,0.236,0.259,0.28,0.3,0.316,0.335,0.35,0.365,0.384,0.396,0.409,0.421,0.43,0.439,0.451,0.461,0.469,0.48,0.49,0.497,0.499,0.505,0.509,0.516,0.522,0.532,0.541,0.547,0.553,0.56
0.001220703,3,0.0817,0.0592,0.0591,0.0595,0.0588,0.0593,0.0593,0.0596,0.0597,0.0597,0.0587,0.0589,0.0591,0.0587,0.0587,0.0588,0.059,0.059,0.0592,0.0588,0.06,0.0602,0.0596,0.0594,0.0601,0.0603,0.06,0.0606,0.061,0.0613,0.0624,0.0636,0.0649,0.0674,0.0693,0.0734,0.0794,0.0882,0.0985,0.113,0.131,0.145,0.161,0.176,0.195,0.212,0.231,0.249,0.27,0.289,0.309,0.325,0.341,0.358,0.374,0.39,0.406,0.423,0.442,0.465,0.493,0.524,0.557,0.588,0.617,0.643,0.666,0.686,0.705,0.721,0.739,0.755,0.771
0.001220703,4,0.085,0.0595,0.059,0.0595,0.0589,0.0586,0.0588,0.0589,0.0583,0.0589,0.0584,0.0584,0.0586,0.0582,0.0579,0.0579,0.0579,0.0585,0.0587,0.0576,0.0583,0.0578,0.058,0.0573,0.0581,0.0574,0.0576,0.0577,0.0575,0.0577,0.058,0.0588,0.0594,0.0607,0.0615,0.0629,0.0665,0.071,0.0771,0.086,0.0979,0.114,0.134,0.148,0.165,0.18,0.2,0.219,0.241,0.263,0.285,0.306,0.324,0.341,0.355,0.368,0.382,0.393,0.4,0.407,0.415,0.425,0.431,0.437,0.444,0.449,0.455,0.459,0.468,0.477,0.489,0.503,0.519
0.001220703,5,0.0843,0.0587,0.0588,0.0574,0.0567,0.0555,0.0562,0.0557,0.0559,0.056,0.0554,0.0556,0.0554,0.0551,0.0547,0.0548,0.0552,0.0553,0.0554,0.0544,0.0553,0.0548,0.055,0.054,0.0551,0.0549,0.0542,0.0549,0.0556,0.0553,0.0563,0.0562,0.0573,0.0587,0.0592,0.0613,0.0646,0.0694,0.0767,0.0859,0.0991,0.116,0.135,0.148,0.166,0.18,0.199,0.219,0.238,0.259,0.278,0.297,0.315,0.333,0.348,0.362,0.377,0.387,0.396,0.404,0.414,0.421,0.428,0.434,0.439,0.445,0.451,0.455,0.467,0.482,0.502,0.522,0.538
0.001220703,6,0.0947,0.0564,0.0566,0.0564,0.0563,0.055,0.0548,0.0554,0.0543,0.0546,0.0542,0.0545,0.0545,0.0536,0.0541,0.0541,0.0535,0.0542,0.0545,0.0538,0.0542,0.0547,0.0534,0.0533,0.054,0.0541,0.0538,0.0546,0.0544,0.054,0.0552,0.0555,0.0569,0.0588,0.0601,0.0627,0.0675,0.0739,0.0834,0.0967,0.114,0.133,0.148,0.164,0.179,0.198,0.218,0.239,0.26,0.281,0.306,0.324,0.341,0.355,0.369,0.384,0.398,0.408,0.418,0.428,0.437,0.445,0.452,0.458,0.462,0.466,0.468,0.471,0.478,0.488,0.501,0.519,0.538
0.15625,1,0.0703,0.0572,0.0574,0.0577,0.0575,0.0573,0.0577,0.058,0.0566,0.0571,0.0567,0.0566,0.0572,0.0561,0.0558,0.0562,0.0561,0.0566,0.0564,0.0562,0.0567,0.0571,0.0566,0.0559,0.0564,0.0567,0.0544,0.0547,0.0544,0.0541,0.0546,0.0542,0.0542,0.0549,0.0541,0.0539,0.0546,0.0552,0.0546,0.0552,0.056,0.0557,0.0569,0.0577,0.0595,0.0612,0.0637,0.068,0.0729,0.0797,0.09,0.103,0.117,0.133,0.153,0.169,0.186,0.201,0.217,0.235,0.255,0.274,0.289,0.302,0.311,0.318,0.322,0.325,0.33,0.333,0.335,0.339,0.343
0.15625,2,0.0556,0.0575,0.0569,0.0569,0.0569,0.0563,0.0572,0.0571,0.0561,0.0569,0.0559,0.0555,0.0561,0.0557,0.0556,0.0559,0.0555,0.0556,0.0557,0.0549,0.0557,0.0561,0.0556,0.055,0.0553,0.0554,0.0545,0.0552,0.0549,0.055,0.0549,0.0554,0.0554,0.0557,0.055,0.0552,0.0553,0.0564,0.0576,0.0579,0.0588,0.0591,0.0616,0.0642,0.0678,0.0723,0.0781,0.087,0.099,0.113,0.131,0.149,0.17,0.187,0.203,0.22,0.241,0.264,0.284,0.303,0.32,0.335,0.347,0.358,0.366,0.373,0.383,0.393,0.403,0.413,0.422,0.434,0.444
0.15625,3,0.0787,0.0587,0.0578,0.058,0.0586,0.0581,0.0577,0.0583,0.0578,0.0582,0.0574,0.0572,0.0575,0.0571,0.057,0.0569,0.0569,0.0571,0.0574,0.0567,0.0573,0.0573,0.0568,0.0562,0.0568,0.0568,0.0563,0.0566,0.0568,0.0562,0.0564,0.0569,0.0565,0.057,0.0565,0.056,0.0564,0.0566,0.0565,0.0571,0.0576,0.0572,0.0587,0.0594,0.0608,0.0623,0.0644,0.0682,0.0729,0.0795,0.089,0.101,0.116,0.134,0.154,0.171,0.185,0.203,0.224,0.248,0.273,0.298,0.315,0.33,0.341,0.349,0.355,0.361,0.368,0.374,0.379,0.385,0.392
0.15625,4,0.0721,0.0583,0.0583,0.0587,0.0588,0.0582,0.0581,0.0583,0.0581,0.0581,0.0576,0.0574,0.0576,0.0568,0.0571,0.0575,0.0573,0.0572,0.0571,0.056,0.0575,0.0575,0.0569,0.0567,0.0568,0.0571,0.0566,0.0569,0.0563,0.0565,0.0568,0.0564,0.0568,0.057,0.0572,0.0565,0.0569,0.0573,0.0578,0.0584,0.0587,0.0587,0.0605,0.0614,0.0637,0.0656,0.0689,0.0735,0.0805,0.09,0.102,0.117,0.133,0.156,0.175,0.189,0.204,0.224,0.244,0.27,0.291,0.309,0.322,0.331,0.336,0.34,0.345,0.349,0.354,0.358,0.362,0.367,0.372
0.15625,5,0.0824,0.0603,0.0602,0.0605,0.0599,0.0597,0.0598,0.0604,0.0598,0.06,0.0597,0.06,0.0596,0.0594,0.0592,0.0594,0.059,0.0594,0.0599,0.0585,0.0598,0.0593,0.0594,0.0588,0.0597,0.0599,0.0592,0.0592,0.0589,0.0594,0.0594,0.0595,0.0593,0.0596,0.0594,0.0588,0.0592,0.06,0.0607,0.0609,0.0609,0.061,0.0619,0.0628,0.0641,0.0667,0.0694,0.0734,0.0786,0.0862,0.096,0.11,0.126,0.144,0.165,0.179,0.197,0.214,0.23,0.249,0.27,0.287,0.303,0.316,0.327,0.335,0.344,0.352,0.363,0.374,0.385,0.394,0.403
0.15625,6,0.0905,0.0584,0.0581,0.0581,0.0583,0.0588,0.0593,0.059,0.058,0.0591,0.0581,0.0579,0.0581,0.0581,0.0583,0.0578,0.0573,0.0579,0.0576,0.0569,0.0574,0.0574,0.0573,0.0565,0.0573,0.0568,0.0568,0.0573,0.0573,0.0565,0.0567,0.0565,0.0564,0.0568,0.0563,0.0563,0.0566,0.0576,0.0576,0.0574,0.0582,0.0583,0.0593,0.0601,0.0609,0.0624,0.0652,0.0682,0.0726,0.0791,0.0869,0.0985,0.112,0.13,0.146,0.168,0.189,0.206,0.223,0.24,0.262,0.282,0.3,0.315,0.325,0.332,0.338,0.343,0.348,0.35,0.354,0.357,0.361
0.000610352,1,0.105,0.0612,0.0611,0.0624,0.0624,0.0617,0.0618,0.0628,0.0621,0.0624,0.062,0.0618,0.0624,0.0615,0.0617,0.0615,0.0616,0.0613,0.0625,0.0616,0.0626,0.0619,0.0624,0.0612,0.0618,0.0622,0.0621,0.0623,0.0628,0.063,0.0644,0.0644,0.0653,0.0669,0.0682,0.0713,0.0754,0.081,0.0885,0.1,0.115,0.135,0.151,0.166,0.183,0.2,0.22,0.24,0.262,0.284,0.307,0.328,0.347,0.363,0.378,0.392,0.404,0.415,0.423,0.432,0.439,0.446,0.454,0.461,0.47,0.481,0.489,0.502,0.522,0.549,0.576,0.604,0.632
0.000610352,2,0.0779,0.0594,0.0592,0.0586,0.059,0.0588,0.059,0.0588,0.0588,0.0589,0.0584,0.0586,0.0585,0.0578,0.0583,0.0582,0.0585,0.0584,0.0587,0.0581,0.0586,0.0586,0.0585,0.0585,0.0586,0.0586,0.0582,0.0588,0.0589,0.059,0.0597,0.06,0.0612,0.0628,0.0639,0.0663,0.0701,0.0761,0.0843,0.0941,0.11,0.128,0.145,0.159,0.175,0.19,0.209,0.229,0.251,0.273,0.295,0.315,0.336,0.355,0.37,0.384,0.396,0.406,0.415,0.423,0.43,0.438,0.446,0.453,0.46,0.469,0.478,0.492,0.514,0.539,0.566,0.594,0.623
0.000610352,3,0.0614,0.0617,0.0613,0.0614,0.0616,0.0603,0.0602,0.0607,0.0602,0.0607,0.0602,0.0605,0.0599,0.06,0.0597,0.0603,0.06,0.0603,0.0604,0.0597,0.0605,0.0598,0.0605,0.0598,0.061,0.0608,0.0603,0.0615,0.0615,0.0616,0.063,0.0637,0.0649,0.067,0.069,0.0718,0.0775,0.0841,0.0924,0.104,0.118,0.137,0.156,0.171,0.191,0.21,0.23,0.249,0.272,0.295,0.315,0.337,0.355,0.371,0.389,0.407,0.421,0.435,0.447,0.461,0.474,0.491,0.512,0.535,0.559,0.58,0.6,0.62,0.64,0.658,0.675,0.693,0.708
0.000610352,4,0.0615,0.0615,0.0609,0.0604,0.0608,0.0605,0.0605,0.0611,0.0604,0.0605,0.0601,0.0603,0.0604,0.0595,0.0596,0.0597,0.06,0.0596,0.06,0.0595,0.0605,0.0603,0.0594,0.0592,0.0597,0.0601,0.059,0.0603,0.0602,0.0601,0.0609,0.0613,0.0618,0.0634,0.0643,0.0668,0.0705,0.0758,0.0824,0.0915,0.105,0.123,0.141,0.156,0.173,0.189,0.207,0.228,0.251,0.272,0.295,0.317,0.334,0.348,0.362,0.375,0.387,0.397,0.404,0.412,0.418,0.425,0.431,0.436,0.445,0.46,0.481,0.509,0.537,0.564,0.588,0.613,0.638
0.000610352,5,0.0597,0.0604,0.0594,0.0594,0.0593,0.0587,0.0589,0.0593,0.0583,0.0588,0.0584,0.0578,0.0587,0.0575,0.0579,0.0577,0.0573,0.0574,0.0583,0.0571,0.0584,0.0579,0.0579,0.0575,0.0579,0.0581,0.0575,0.0583,0.0585,0.058,0.0591,0.0592,0.0591,0.0603,0.0614,0.0636,0.067,0.0715,0.0791,0.0892,0.104,0.122,0.137,0.152,0.167,0.185,0.204,0.223,0.245,0.263,0.285,0.303,0.319,0.334,0.346,0.357,0.37,0.38,0.388,0.396,0.405,0.413,0.422,0.429,0.436,0.441,0.447,0.454,0.465,0.482,0.508,0.538,0.564
0.000610352,6,0.0629,0.0609,0.0614,0.061,0.0611,0.0606,0.0612,0.0613,0.0605,0.0613,0.0609,0.0606,0.0604,0.0601,0.06,0.0606,0.0608,0.0603,0.0604,0.0602,0.0602,0.0605,0.0605,0.0598,0.0609,0.0612,0.0606,0.0612,0.0618,0.0615,0.0625,0.0628,0.0642,0.0653,0.0667,0.0698,0.0735,0.0789,0.087,0.0977,0.113,0.132,0.151,0.167,0.182,0.199,0.219,0.24,0.263,0.285,0.31,0.329,0.347,0.363,0.376,0.388,0.4,0.408,0.414,0.421,0.427,0.433,0.44,0.447,0.455,0.463,0.473,0.482,0.493,0.504,0.512,0.525,0.536
0.078125,1,0.0541,0.0566,0.0573,0.0576,0.0579,0.0574,0.058,0.0576,0.0576,0.0576,0.0572,0.0578,0.0571,0.0567,0.0567,0.0572,0.0567,0.0569,0.0569,0.0566,0.0571,0.0575,0.0568,0.0562,0.0568,0.0571,0.0559,0.0569,0.0571,0.0565,0.0571,0.0564,0.0569,0.0566,0.0565,0.0567,0.0576,0.0575,0.058,0.0585,0.0589,0.0592,0.0614,0.063,0.0654,0.0684,0.0736,0.08,0.0889,0.103,0.118,0.136,0.157,0.175,0.191,0.205,0.224,0.25,0.274,0.294,0.31,0.324,0.331,0.339,0.343,0.347,0.352,0.355,0.362,0.369,0.377,0.392,0.407
0.078125,2,0.055,0.0553,0.0546,0.0545,0.0548,0.0545,0.0548,0.055,0.0544,0.0547,0.0534,0.0539,0.0541,0.0528,0.0536,0.0535,0.0533,0.0534,0.0538,0.0527,0.0536,0.0533,0.0529,0.053,0.0537,0.0532,0.0528,0.053,0.0534,0.0524,0.0531,0.0528,0.0525,0.0531,0.0523,0.0524,0.0534,0.0538,0.054,0.0551,0.0556,0.056,0.0585,0.0607,0.0642,0.0688,0.0754,0.085,0.0978,0.115,0.134,0.153,0.171,0.19,0.211,0.235,0.26,0.285,0.311,0.329,0.346,0.363,0.371,0.381,0.387,0.396,0.403,0.41,0.417,0.428,0.433,0.446,0.457
0.078125,3,0.056,0.0569,0.0556,0.0564,0.0555,0.0554,0.0559,0.0564,0.0556,0.056,0.0553,0.0549,0.0553,0.0551,0.0549,0.0551,0.0548,0.0551,0.0554,0.0539,0.055,0.0548,0.0546,0.0541,0.0546,0.0543,0.0536,0.0538,0.054,0.054,0.054,0.0543,0.0539,0.0539,0.0537,0.054,0.0543,0.0553,0.0555,0.056,0.057,0.057,0.0587,0.0608,0.0642,0.0676,0.0733,0.0819,0.0926,0.108,0.127,0.148,0.165,0.183,0.196,0.216,0.24,0.273,0.288,0.305,0.319,0.329,0.331,0.338,0.342,0.349,0.352,0.356,0.363,0.367,0.37,0.377,0.382
0.078125,4,0.0732,0.0583,0.0577,0.0584,0.0586,0.0587,0.0588,0.0594,0.0591,0.0588,0.0582,0.0586,0.0587,0.0578,0.0578,0.0581,0.0577,0.0578,0.0584,0.0571,0.0583,0.0579,0.058,0.0575,0.0582,0.0583,0.0573,0.0578,0.0584,0.058,0.0579,0.0579,0.0576,0.0582,0.0578,0.0578,0.0582,0.0586,0.0596,0.0602,0.061,0.0613,0.0636,0.066,0.0689,0.0731,0.0803,0.0886,0.101,0.117,0.136,0.157,0.173,0.189,0.205,0.225,0.252,0.276,0.293,0.31,0.319,0.322,0.325,0.33,0.334,0.339,0.343,0.347,0.354,0.36,0.367,0.377,0.388
0.078125,5,0.0757,0.0573,0.0575,0.0571,0.0569,0.0569,0.0572,0.0576,0.057,0.0571,0.0565,0.0565,0.0567,0.056,0.0561,0.0567,0.0561,0.0561,0.0565,0.0558,0.0563,0.0563,0.0561,0.0557,0.056,0.0559,0.0554,0.0556,0.0556,0.0551,0.0553,0.0554,0.0553,0.0558,0.0554,0.0554,0.0563,0.0561,0.0569,0.058,0.0588,0.0598,0.0615,0.0636,0.0673,0.0713,0.0776,0.086,0.0981,0.113,0.132,0.15,0.163,0.173,0.192,0.213,0.24,0.264,0.291,0.311,0.332,0.347,0.361,0.373,0.381,0.388,0.395,0.406,0.419,0.432,0.445,0.453,0.462
0.078125,6,0.0945,0.0605,0.0602,0.0607,0.0609,0.0594,0.058,0.0583,0.0576,0.058,0.057,0.0569,0.0575,0.0569,0.057,0.0573,0.0569,0.0569,0.0576,0.0564,0.0567,0.0567,0.0566,0.0562,0.0566,0.0563,0.0562,0.0566,0.0566,0.0566,0.0567,0.0562,0.0562,0.0571,0.0566,0.0558,0.0564,0.0578,0.0578,0.0592,0.0605,0.0608,0.0637,0.0657,0.0697,0.0753,0.0822,0.0921,0.106,0.123,0.142,0.166,0.18,0.192,0.21,0.234,0.261,0.288,0.311,0.33,0.344,0.351,0.357,0.36,0.364,0.369,0.374,0.38,0.388,0.393,0.401,0.408,0.416
0,1,0.0589,0.0616,0.0624,0.0617,0.0618,0.0602,0.0607,0.0606,0.0601,0.061,0.0599,0.0605,0.0605,0.0594,0.0597,0.0597,0.0597,0.0596,0.0603,0.0592,0.0604,0.0598,0.0596,0.0596,0.0605,0.0594,0.0593,0.0604,0.0602,0.0603,0.0613,0.0617,0.062,0.0637,0.0657,0.0681,0.0721,0.0773,0.0857,0.0966,0.111,0.128,0.146,0.161,0.177,0.192,0.212,0.233,0.254,0.274,0.295,0.312,0.331,0.349,0.364,0.377,0.391,0.414,0.448,0.484,0.522,0.553,0.583,0.607,0.632,0.653,0.677,0.699,0.719,0.734,0.751,0.764,0.779
0,2,0.0597,0.0629,0.0586,0.0587,0.0581,0.0577,0.0577,0.0585,0.0579,0.0578,0.0572,0.0579,0.0574,0.057,0.057,0.057,0.0571,0.0573,0.0573,0.0569,0.0571,0.0577,0.0574,0.0566,0.0575,0.0573,0.0567,0.0573,0.0574,0.0576,0.0582,0.0585,0.0593,0.0607,0.0621,0.0643,0.0683,0.0737,0.0811,0.0915,0.106,0.123,0.141,0.158,0.174,0.193,0.215,0.237,0.26,0.281,0.302,0.322,0.341,0.362,0.379,0.396,0.409,0.425,0.449,0.486,0.527,0.566,0.599,0.624,0.649,0.67,0.695,0.722,0.747,0.766,0.785,0.803,0.819
0,3,0.0578,0.0591,0.0587,0.0594,0.059,0.0588,0.0593,0.0597,0.0587,0.0588,0.0583,0.0583,0.0581,0.0577,0.0578,0.0579,0.058,0.0579,0.0583,0.0573,0.0581,0.0581,0.0576,0.0579,0.0578,0.0579,0.0568,0.0581,0.0579,0.0585,0.0586,0.0592,0.0604,0.0623,0.0642,0.0672,0.0716,0.0781,0.0869,0.0994,0.116,0.135,0.153,0.172,0.19,0.208,0.229,0.251,0.272,0.293,0.313,0.334,0.353,0.376,0.399,0.42,0.437,0.453,0.474,0.503,0.536,0.566,0.596,0.615,0.637,0.655,0.675,0.696,0.714,0.728,0.746,0.761,0.774
0,4,0.0595,0.0601,0.0601,0.0599,0.0599,0.059,0.0597,0.0601,0.0595,0.0597,0.0591,0.059,0.0594,0.0586,0.0588,0.0587,0.0586,0.0587,0.059,0.0585,0.0595,0.059,0.0586,0.0585,0.0592,0.0593,0.0582,0.0591,0.0593,0.0594,0.0601,0.0609,0.0619,0.0638,0.0643,0.0665,0.071,0.0769,0.0839,0.0946,0.109,0.128,0.145,0.162,0.181,0.199,0.22,0.243,0.266,0.288,0.311,0.332,0.351,0.368,0.387,0.403,0.425,0.453,0.488,0.528,0.562,0.595,0.623,0.647,0.668,0.685,0.704,0.722,0.742,0.759,0.776,0.792,0.805
0,5,0.0582,0.059,0.0582,0.058,0.0586,0.0579,0.0587,0.0585,0.0583,0.0582,0.0573,0.0575,0.058,0.0576,0.057,0.0573,0.0578,0.0576,0.0584,0.0571,0.0583,0.0581,0.0573,0.0571,0.058,0.0578,0.0575,0.0583,0.0583,0.0586,0.0594,0.0593,0.0608,0.0628,0.0644,0.0674,0.0731,0.0796,0.0894,0.103,0.12,0.138,0.155,0.175,0.192,0.21,0.232,0.254,0.278,0.3,0.32,0.339,0.357,0.376,0.395,0.41,0.428,0.451,0.479,0.512,0.546,0.578,0.603,0.627,0.648,0.668,0.689,0.708,0.727,0.744,0.757,0.772,0.785
0,6,0.0563,0.0558,0.0557,0.0557,0.0557,0.0551,0.0555,0.0551,0.0551,0.0556,0.0546,0.0549,0.0554,0.0545,0.0548,0.0546,0.0544,0.0542,0.0554,0.0543,0.0552,0.0555,0.055,0.0548,0.0554,0.0551,0.0545,0.0552,0.0554,0.0562,0.0559,0.0565,0.0578,0.0595,0.0609,0.0633,0.069,0.0754,0.0843,0.0973,0.113,0.131,0.152,0.172,0.185,0.201,0.223,0.244,0.268,0.29,0.311,0.332,0.353,0.376,0.398,0.421,0.445,0.471,0.5,0.535,0.569,0.598,0.62,0.64,0.658,0.675,0.692,0.711,0.73,0.747,0.762,0.777,0.792
0.0390625,1,0.0543,0.0562,0.0553,0.0554,0.0559,0.0554,0.0556,0.0557,0.0552,0.0553,0.0547,0.0548,0.0544,0.0539,0.0541,0.0545,0.054,0.0541,0.0539,0.0535,0.0541,0.0538,0.0535,0.0535,0.0538,0.0538,0.0532,0.0539,0.0535,0.0538,0.0533,0.0537,0.0534,0.054,0.0536,0.0538,0.0543,0.0554,0.0562,0.0572,0.0589,0.0601,0.0634,0.0669,0.0728,0.0806,0.0924,0.108,0.126,0.143,0.16,0.174,0.189,0.211,0.237,0.265,0.293,0.317,0.335,0.351,0.365,0.374,0.381,0.387,0.396,0.406,0.418,0.428,0.436,0.445,0.453,0.469,0.482
0.0390625,2,0.0534,0.0547,0.0547,0.0545,0.0549,0.0539,0.0545,0.0548,0.0541,0.0543,0.0535,0.0536,0.0539,0.0528,0.0532,0.0532,0.0531,0.0534,0.0534,0.0531,0.0535,0.0531,0.0533,0.0529,0.0531,0.0528,0.0527,0.0531,0.0529,0.0526,0.0529,0.0528,0.0527,0.0539,0.0533,0.0532,0.0539,0.0551,0.0559,0.0573,0.059,0.0608,0.0645,0.0687,0.0758,0.0849,0.0985,0.115,0.132,0.152,0.169,0.186,0.206,0.229,0.254,0.276,0.298,0.314,0.325,0.335,0.339,0.346,0.353,0.361,0.37,0.379,0.388,0.396,0.405,0.413,0.422,0.43,0.436
0.0390625,3,0.0533,0.0557,0.0553,0.055,0.0553,0.0548,0.0547,0.0545,0.0545,0.0552,0.0544,0.0539,0.0549,0.0536,0.054,0.054,0.0539,0.0543,0.0544,0.0535,0.054,0.0547,0.0538,0.053,0.054,0.0545,0.0537,0.0539,0.0537,0.054,0.0538,0.0541,0.0538,0.0543,0.0536,0.054,0.0541,0.0553,0.0556,0.0566,0.0572,0.0577,0.0604,0.0626,0.0669,0.0715,0.0789,0.0889,0.103,0.119,0.137,0.152,0.167,0.182,0.199,0.223,0.246,0.271,0.291,0.31,0.325,0.338,0.346,0.351,0.359,0.366,0.373,0.379,0.386,0.392,0.397,0.404,0.413
0.0390625,4,0.0562,0.0553,0.055,0.0551,0.0551,0.0553,0.0552,0.0553,0.0543,0.0551,0.0548,0.0548,0.0545,0.0539,0.0544,0.054,0.0541,0.0544,0.0545,0.0534,0.0542,0.0538,0.0538,0.0531,0.0546,0.0535,0.0532,0.0536,0.0534,0.0531,0.0534,0.0532,0.0537,0.0538,0.0535,0.0538,0.0542,0.0553,0.056,0.0575,0.0587,0.0599,0.0633,0.067,0.0718,0.0796,0.0896,0.103,0.12,0.141,0.162,0.18,0.195,0.213,0.238,0.264,0.291,0.312,0.331,0.345,0.352,0.357,0.364,0.368,0.375,0.381,0.387,0.392,0.398,0.402,0.409,0.416,0.427
0.0390625,5,0.0549,0.0553,0.0549,0.055,0.0548,0.0546,0.0554,0.0549,0.0543,0.0547,0.0541,0.0543,0.0544,0.054,0.0537,0.0536,0.0539,0.0542,0.0549,0.0534,0.0544,0.054,0.0536,0.0533,0.0538,0.0534,0.0535,0.054,0.0535,0.0534,0.0537,0.0536,0.0542,0.0542,0.054,0.0538,0.0548,0.0552,0.0564,0.0573,0.0594,0.0606,0.0646,0.0685,0.0746,0.0828,0.0966,0.112,0.13,0.149,0.166,0.18,0.196,0.22,0.244,0.268,0.286,0.3,0.312,0.322,0.33,0.337,0.341,0.347,0.354,0.359,0.364,0.371,0.38,0.387,0.396,0.404,0.412
0.0390625,6,0.0601,0.0535,0.0539,0.0535,0.0535,0.0533,0.0534,0.0542,0.0536,0.0535,0.0527,0.0533,0.0532,0.0528,0.0528,0.0523,0.0525,0.0525,0.0534,0.0524,0.0526,0.0526,0.0524,0.0518,0.0526,0.0525,0.0519,0.0524,0.052,0.0518,0.0523,0.052,0.0524,0.0526,0.0522,0.0525,0.0527,0.0538,0.0547,0.0557,0.0568,0.0579,0.0604,0.0634,0.0681,0.0741,0.0833,0.0964,0.112,0.131,0.15,0.167,0.179,0.196,0.218,0.242,0.267,0.287,0.308,0.321,0.335,0.347,0.355,0.363,0.372,0.38,0.389,0.397,0.404,0.411,0.42,0.433,0.442
ntc,1,0.0524,0.0536,0.0534,0.0529,0.0535,0.0532,0.0537,0.054,0.0531,0.0534,0.0531,0.0529,0.0532,0.0528,0.0524,0.0529,0.0532,0.0526,0.0529,0.0523,0.0535,0.0536,0.0528,0.0521,0.0533,0.0531,0.0525,0.0528,0.0531,0.0534,0.0533,0.0531,0.0529,0.053,0.0526,0.0524,0.0527,0.0526,0.0534,0.0526,0.0534,0.0525,0.0531,0.0527,0.053,0.0525,0.0524,0.0528,0.0523,0.0525,0.0528,0.0534,0.0529,0.0525,0.0529,0.0526,0.0529,0.0531,0.0528,0.0527,0.0528,0.0531,0.053,0.0527,0.053,0.0528,0.053,0.0529,0.0528,0.053,0.0522,0.0529,0.0526
ntc,2,0.0545,0.0547,0.0544,0.0545,0.0542,0.0546,0.0549,0.055,0.0542,0.0546,0.0539,0.0538,0.0539,0.0538,0.0534,0.0543,0.0539,0.0534,0.0543,0.0533,0.0544,0.0544,0.0542,0.0538,0.0546,0.0548,0.0541,0.0545,0.0539,0.0539,0.054,0.0541,0.0539,0.0546,0.0534,0.054,0.0539,0.0542,0.054,0.0543,0.0542,0.0535,0.0548,0.0541,0.0545,0.0541,0.0538,0.0542,0.0538,0.0536,0.054,0.0538,0.054,0.0538,0.0541,0.0534,0.0539,0.0542,0.0538,0.0544,0.0537,0.0541,0.0544,0.0544,0.0541,0.0544,0.0544,0.0539,0.0544,0.0544,0.0532,0.0535,0.0535
ntc,3,0.0521,0.0528,0.0519,0.0522,0.0524,0.0521,0.0523,0.0533,0.0518,0.0523,0.0518,0.0522,0.0517,0.051,0.0514,0.052,0.0516,0.0518,0.0524,0.0517,0.0524,0.0522,0.0521,0.0516,0.0521,0.0521,0.0514,0.0521,0.0519,0.0519,0.0522,0.0516,0.0519,0.052,0.0517,0.0512,0.0523,0.0521,0.0519,0.0521,0.0522,0.0514,0.0524,0.0516,0.0525,0.052,0.0518,0.0515,0.0522,0.0521,0.0516,0.0519,0.0513,0.052,0.0522,0.0516,0.0518,0.0526,0.052,0.0517,0.052,0.052,0.0526,0.052,0.0523,0.0523,0.0521,0.0519,0.052,0.052,0.0513,0.0518,0.052
ntc,4,0.0506,0.0523,0.0522,0.0522,0.0522,0.052,0.0519,0.0525,0.0515,0.0525,0.0516,0.0516,0.0517,0.0512,0.0512,0.0517,0.0519,0.0521,0.0523,0.0507,0.052,0.0518,0.0518,0.0514,0.0518,0.0522,0.0515,0.0519,0.0521,0.0522,0.0522,0.0516,0.0517,0.0519,0.0516,0.0511,0.0515,0.0521,0.0517,0.0523,0.0524,0.0514,0.0523,0.052,0.0516,0.0518,0.0521,0.0517,0.0515,0.0519,0.0515,0.0519,0.0517,0.0517,0.0513,0.0513,0.0517,0.0521,0.052,0.0517,0.0518,0.052,0.0519,0.0523,0.0517,0.0522,0.0518,0.0518,0.0522,0.0515,0.0515,0.052,0.0519
ntc,5,0.0557,0.0554,0.0536,0.0541,0.0539,0.0533,0.0537,0.0542,0.0538,0.0539,0.0532,0.0533,0.0539,0.0532,0.0535,0.0531,0.0532,0.0534,0.0539,0.0529,0.054,0.054,0.054,0.0526,0.0542,0.0538,0.0535,0.0536,0.0536,0.0532,0.0537,0.0534,0.0538,0.0538,0.0537,0.0531,0.0533,0.0537,0.0535,0.0539,0.0536,0.0533,0.0534,0.0537,0.0536,0.0533,0.0535,0.0537,0.0533,0.0537,0.0538,0.0539,0.0535,0.0531,0.0535,0.0534,0.0532,0.0538,0.0529,0.0535,0.0533,0.054,0.0545,0.0535,0.0533,0.0537,0.0539,0.0529,0.0532,0.0535,0.0533,0.0534,0.0534
ntc,6,0.0514,0.0521,0.0518,0.0521,0.0513,0.0516,0.0516,0.0521,0.0514,0.0515,0.0512,0.0515,0.0519,0.051,0.051,0.0516,0.0516,0.0509,0.0519,0.051,0.0517,0.0515,0.0509,0.0508,0.0514,0.0513,0.0511,0.0513,0.0516,0.0512,0.0516,0.051,0.0512,0.0518,0.051,0.0508,0.0509,0.0511,0.0516,0.0518,0.052,0.0508,0.0518,0.0516,0.051,0.0515,0.0514,0.0515,0.0512,0.0513,0.0514,0.0514,0.0515,0.0515,0.0513,0.051,0.0517,0.0515,0.0512,0.0517,0.0515,0.0513,0.0516,0.0514,0.0519,0.0513,0.0513,0.0512,0.0516,0.0516,0.0509,0.0508,0.0511
